"term","estimate","std.error","statistic","p.value"
"(Intercept)",0.690894258094678,0.747053162184513,0.9248260941355,0.356122947118728
"logDW",-0.0797843858073971,0.419486123938857,-0.190195530327068,0.849340518550989
"Genus_speciesAmblyraja_radiata",0.318656212264705,0.935293182239399,0.340701951340795,0.733670193693993
"Genus_speciesAnacanthobatis_marmorata",0.839961059836355,1.28754348610241,0.652374905316047,0.514876209412908
"Genus_speciesArctoraja_parmifera",0.0588359403402848,0.990997599748878,0.0593704165935357,0.952713804552431
"Genus_speciesAtlantoraja_castelnaui",0.126633471615321,3.74498491238057,0.033814147340536,0.973057625913978
"Genus_speciesBathyraja_aleutica",0.0352220461860326,0.87824958560515,0.0401048252835361,0.96804783889159
"Genus_speciesBathyraja_interrupta",-0.441146100546704,1.07341422706314,-0.410974709878477,0.681512145077057
"Genus_speciesBathyraja_kincaidii",0.263040459677071,1.33494189987616,0.197042627624074,0.843985665660754
"Genus_speciesBathyraja_multispinis",-0.0147580197658029,1.30523625185055,-0.0113067804735573,0.990989472117939
"Genus_speciesBathyraja_richardsoni",1.30164448089089,0.871744613227919,1.49314886623861,0.136906289159282
"Genus_speciesBathyraja_spinicauda",-0.768949460874016,0.923968294552085,-0.832224942574227,0.406231892722076
"Genus_speciesBathytoshia_lata",0.136015437797927,0.95477389944219,0.142458269834766,0.886855277182595
"Genus_speciesBeringraja_binoculata",-0.752475469138945,1.00664477207675,-0.747508445890557,0.455596903810785
"Genus_speciesCaliraja_rhina",-0.544914018346921,0.917806001247672,-0.593713723386163,0.553345624691515
"Genus_speciesCruriraja_hulleyi",-0.431320053148923,1.57923100813286,-0.273120304076904,0.785030425273248
"Genus_speciesDasyatis_chrysonota",0.0625636058853011,0.85183990445483,0.0734452630806739,0.941522042652746
"Genus_speciesDasyatis_pastinaca",-3.44530683660062,5.36489042491438,-0.642195192021207,0.521450234090464
"Genus_speciesDipturus_nidarosiensis",-2.41974599555523,2.7584065693732,-0.877226012445684,0.381371122748355
"Genus_speciesFontitrygon_margarita",0.268351050767514,2.11181379580457,0.127071359842725,0.899006090030002
"Genus_speciesGymnura_natalensis",0.512064739034864,0.901573636684711,0.56796773796297,0.57066653582842
"Genus_speciesGymnura_poecilura",-0.130847143637369,0.821862814988318,-0.159208010450295,0.873658737427768
"Genus_speciesGymnura_tentaculata",-0.125791475498408,2.52414161835811,-0.0498353478202351,0.960301191657677
"Genus_speciesGymnura_zonura",-2.79641917705079,1.92315410294797,-1.45407961471429,0.147424277902342
"Genus_speciesHimantura_leoparda",1.27771866632941,1.62561213737422,0.785992326800202,0.432762188479626
"Genus_speciesHimantura_uarnak",-2.72355347420435,0.898646777099868,-3.03072747113594,0.00274780731420862
"Genus_speciesLeucoraja_erinacea",-0.864698215571079,5.01282477886882,-0.172497195436822,0.863213591157808
"Genus_speciesLeucoraja_wallacei",0.0768291718556639,0.853837926607444,0.0899809781944559,0.928388502608043
"Genus_speciesMaculabatis_gerrardi",1.036821317576,0.889573924311797,1.16552575254285,0.245134677593409
"Genus_speciesNeotrygon_caeruleopunctata",1.91844147164825,1.41061902409193,1.35999971564485,0.175295214338914
"Genus_speciesOkamejei_kenojei",-1.40022747960858,2.06438681857258,-0.678277669190295,0.49834593796186
"Genus_speciesPastinachus_sephen",-0.579350803773042,2.66580799518688,-0.217326530950114,0.82816589545638
"Genus_speciesPlesiobatis_daviesi",0.243558072098048,1.04523680591298,0.233017121785439,0.815976156316263
"Genus_speciesPotamotrygon_orbignyi",-0.790413791968984,0.893011701296253,-0.885110229599072,0.377114349209594
"Genus_speciesPsammobatis_normani",0.186702334750785,2.26563691605616,0.0824061143370585,0.934402641044769
"Genus_speciesPsammobatis_rudis",1.23034798383623,2.2238952855891,0.553240070163786,0.580690338701323
"Genus_speciesPsammobatis_scobina",-0.0576677904744639,0.979478066026204,-0.0588760406942293,0.953107096616371
"Genus_speciesPteroplatytrygon_violacea",-0.613754294081387,1.40409437271202,-0.437117551362247,0.662477407469144
"Genus_speciesRaja_brachyura",-15.5551940942879,3.10760903395226,-5.00551836615843,1.18122871092057e-06
"Genus_speciesRaja_ocellifera",-0.953358008861791,1.42196495984171,-0.670451126283671,0.503310418014991
"Genus_speciesRaja_straeleni",-0.131786949200147,1.03266541637329,-0.127618246055902,0.898573795819589
"Genus_speciesRajella_leoparda",2.98439409417636,1.88325758127985,1.58469777254165,0.114546927561119
"Genus_speciesRostroraja_alba",0.430389899215629,2.15849963387743,0.199393084187138,0.842149123489109
"Genus_speciesSympterygia_bonapartii",-0.519009385511962,2.41100711253494,-0.215266633936337,0.829769360434899
"Genus_speciesTaeniura_lymma",0.317100447796846,0.975542292945739,0.325050436141864,0.745468045858939
"Genus_speciesTelatrygon_zugei",0.34741853648594,1.36141019480319,0.255190197496769,0.79882714865751
"Genus_speciesUrobatis_halleri",-6.09305488858251,1.95643845677417,-3.11436062171304,0.00210190947720802
"Genus_speciesUrobatis_jamaicensis",-1.31755503290151,2.04974933936395,-0.642788368118395,0.5210659727379
"Genus_speciesUrolophus_deforgesi",-0.198173177570167,1.51819399474539,-0.130532183802639,0.896270945224144
"Genus_speciesUrolophus_neocaledoniensis",-0.204384377157076,1.55561383662605,-0.131385034219265,0.895597113194201
"Genus_speciesUrolophus_papilio",-1.2521279635381,1.66011460655567,-0.754241881008416,0.451552949971648
"Genus_speciesUrotrygon_chilensis",-0.131570340683805,1.50548625691609,-0.0873939168022163,0.930442080040949
"Genus_speciesUrotrygon_munda",-1.07835566367628,1.4057683997276,-0.767093401647976,0.443891651114012
"Genus_speciesUrotrygon_rogersi",-1.11577964120208,1.81038780389286,-0.616320789834547,0.538353519009202
"logDW:Genus_speciesAmblyraja_radiata",-0.177188299443589,0.564423732055273,-0.313927798178121,0.753888990416208
"logDW:Genus_speciesAnacanthobatis_marmorata",-0.831512402036997,0.988581672017994,-0.841116546637597,0.401243952821628
"logDW:Genus_speciesArctoraja_parmifera",0.0112318574083033,0.569854047317829,0.0197100599024769,0.984293469454018
"logDW:Genus_speciesAtlantoraja_castelnaui",-0.0476430044421514,2.07242928195212,-0.0229889651034434,0.98168100862049
"logDW:Genus_speciesBathyraja_aleutica",0.0472302700157935,0.509479099519175,0.0927030570250427,0.926228268762172
"logDW:Genus_speciesBathyraja_interrupta",0.338105651656929,0.67346298683409,0.50204043617355,0.616167569026385
"logDW:Genus_speciesBathyraja_kincaidii",-0.135823096968191,0.869593370740719,-0.156191504602315,0.876032836213254
"logDW:Genus_speciesBathyraja_multispinis",0.0556613455722262,0.755512757012397,0.0736736012140069,0.941340566973882
"logDW:Genus_speciesBathyraja_richardsoni",-1.00072427379584,0.496271097425881,-2.01648711558363,0.0450287280064976
"logDW:Genus_speciesBathyraja_spinicauda",0.498628250017912,0.537421944266736,0.927815202444413,0.354573679524017
"logDW:Genus_speciesBathytoshia_lata",0.0430817332130413,0.525799867452192,0.0819356106379363,0.934776330144592
"logDW:Genus_speciesBeringraja_binoculata",0.437056791628092,0.585056115950841,0.747033967703732,0.455882637205801
"logDW:Genus_speciesCaliraja_rhina",0.353187710422487,0.5402162615694,0.653789483116317,0.513966123849912
"logDW:Genus_speciesCruriraja_hulleyi",0.364427534238417,1.0450906761222,0.348704224967944,0.727662394916118
"logDW:Genus_speciesDasyatis_chrysonota",0.0933156816106761,0.50867842880946,0.183447294647578,0.85462491586917
"logDW:Genus_speciesDasyatis_pastinaca",1.94892409251877,2.8810589028765,0.676461036798979,0.499495909530525
"logDW:Genus_speciesDipturus_nidarosiensis",1.14894890790564,1.36581923926956,0.841215934635756,0.40118840906283
"logDW:Genus_speciesFontitrygon_margarita",-0.12816775453117,1.5306419233593,-0.0837346426849984,0.933347560156736
"logDW:Genus_speciesGymnura_natalensis",-0.213656129312937,0.494635074564027,-0.43194698536341,0.66622523255839
"logDW:Genus_speciesGymnura_poecilura",0.0724340829459077,0.470000621014017,0.154114866464714,0.877667879797257
"logDW:Genus_speciesGymnura_tentaculata",0.101531839973101,1.61515762772843,0.0628618769029351,0.949936570364769
"logDW:Genus_speciesGymnura_zonura",1.48863679850942,1.05729146707341,1.40797201610827,0.160625038495098
"logDW:Genus_speciesHimantura_leoparda",-0.600105314612964,0.96257456741158,-0.623437741791457,0.533676674867591
"logDW:Genus_speciesHimantura_uarnak",1.40372015042934,0.512451324340701,2.73922631039214,0.00669045188022702
"logDW:Genus_speciesLeucoraja_erinacea",0.600414570549291,3.44185287812514,0.174445158410243,0.861684490899654
"logDW:Genus_speciesLeucoraja_wallacei",0.046912945367706,0.508120470330162,0.0923264227816355,0.926527132318874
"logDW:Genus_speciesMaculabatis_gerrardi",-0.467522283383062,0.507682256922271,-0.920895455786319,0.358166745774464
"logDW:Genus_speciesNeotrygon_caeruleopunctata",-1.10944504967534,0.882953126548036,-1.25651636119438,0.210331405454154
"logDW:Genus_speciesOkamejei_kenojei",0.931322041171371,1.4403365623917,0.646600291549147,0.518600105276079
"logDW:Genus_speciesPastinachus_sephen",0.486625019480908,1.66758843386209,0.29181362115465,0.770718571905391
"logDW:Genus_speciesPlesiobatis_daviesi",0.0197956776405058,0.581079576321656,0.0340670683451244,0.972856182011018
"logDW:Genus_speciesPotamotrygon_orbignyi",0.701702576579766,0.547890293198173,1.28073555106033,0.201705982765721
"logDW:Genus_speciesPsammobatis_normani",-0.854338356842176,1.6418281524239,-0.520357965345448,0.603364880837654
"logDW:Genus_speciesPsammobatis_rudis",-0.741363920777801,1.54472991024671,-0.479931097248837,0.631778270821885
"logDW:Genus_speciesPsammobatis_scobina",0.125197814777571,0.624766881473297,0.200391247503925,0.841369464028258
"logDW:Genus_speciesPteroplatytrygon_violacea",0.414141100180589,0.789246505031264,0.524729723274712,0.60032722119357
"logDW:Genus_speciesRaja_brachyura",8.11887287818759,1.69807135690043,4.78123186354628,3.28429448021994e-06
"logDW:Genus_speciesRaja_ocellifera",0.718783994446657,0.918387924063002,0.782658368662683,0.434713636476397
"logDW:Genus_speciesRaja_straeleni",0.133011877660236,0.604231437477282,0.220133990736351,0.825981674812942
"logDW:Genus_speciesRajella_leoparda",-1.79438571656661,1.11675691148252,-1.6067827278405,0.109611765227831
"logDW:Genus_speciesRostroraja_alba",-0.261582207963438,1.40652731682623,-0.185977339248332,0.852642909582605
"logDW:Genus_speciesSympterygia_bonapartii",0.309571824130147,1.46904080064293,0.210730582836543,0.833302822774015
"logDW:Genus_speciesTaeniura_lymma",-0.00264049596306463,0.662384145703482,-0.0039863513947187,0.996823162536407
"logDW:Genus_speciesTelatrygon_zugei",-0.0812022618948572,1.04146599796346,-0.0779691915565599,0.937927154382529
"logDW:Genus_speciesUrobatis_halleri",4.83025393095829,1.48923100218982,3.24345512808671,0.00137474022999947
"logDW:Genus_speciesUrobatis_jamaicensis",1.2941347244701,1.69747964026922,0.762386006741645,0.446689202567055
"logDW:Genus_speciesUrolophus_deforgesi",0.219829528350907,1.12521517104634,0.195366658757798,0.845295715715202
"logDW:Genus_speciesUrolophus_neocaledoniensis",0.262642856038736,1.11163951228593,0.236266211425544,0.813457487584264
"logDW:Genus_speciesUrolophus_papilio",0.92815946103097,1.16121381060379,0.799301086979285,0.425023298420701
"logDW:Genus_speciesUrotrygon_chilensis",0.207499464332145,1.19052797734298,0.174291968169654,0.861804722418231
"logDW:Genus_speciesUrotrygon_munda",1.14092005201801,1.18105226140306,0.966019954665364,0.335150665601602
"logDW:Genus_speciesUrotrygon_rogersi",0.956480622375673,1.3408207231249,0.713354593853914,0.476422139241222
