"Genus_species","Circularity"
"Aetobatus_flagellum",0.631603596457973
"Aetobatus_laticeps",0.639158559813505
"Aetobatus_narinari",0.622167476533269
"Aetobatus_narutobiei",0.621247776981012
"Aetobatus_ocellatus",0.601659031999645
"Aetomylaeus_asperrimus",0.54680668841432
"Aetomylaeus_bovinus",0.588565173408398
"Aetomylaeus_caeruleofasciatus",0.60420140291534
"Aetomylaeus_maculatus",0.55771854927418
"Aetomylaeus_milvus",0.587871718225646
"Aetomylaeus_nichofii",0.637335392269257
"Aetomylaeus_vespertilio",0.527338899860787
"Bathytoshia_brevicaudata",0.937418259197034
"Bathytoshia_centroura",0.912729313673005
"Bathytoshia_lata",0.930915949180959
"Brevitrygon_heterura",0.935207152390477
"Brevitrygon_imbricata",0.91469055007318
"Brevitrygon_javaensis",0.923571588572391
"Brevitrygon_walga",0.938120617314637
"Dasyatis_chrysonota",0.936131910763073
"Dasyatis_hypostigma",0.922645583080114
"Dasyatis_marmorata",0.90821849539905
"Dasyatis_pastinaca",0.925879706334969
"Dasyatis_tortonesei",0.915910953747437
"Fluvitrygon_kittipongi",0.899217061590706
"Fluvitrygon_oxyrhynchus",0.920009675587015
"Fluvitrygon_signifer",0.972704622423731
"Fontitrygon_colarensis",0.89301685020188
"Fontitrygon_garouaensis",0.960465183285849
"Fontitrygon_geijskesi",0.855476757221363
"Fontitrygon_margarita",0.946092516996615
"Fontitrygon_margaritella",0.942663135481841
"Fontitrygon_ukpam",0.971099967707382
"Gymnura_altavela",0.731330186704029
"Gymnura_australis",0.783526315725828
"Gymnura_crebripunctata",0.764312467454905
"Gymnura_japonica",0.787201910407502
"Gymnura_marmorata",0.795521904405146
"Gymnura_micrura",0.816901184496826
"Gymnura_natalensis",0.743758666062701
"Gymnura_poecilura",0.803058896058166
"Gymnura_tentaculata",0.821986421788265
"Gymnura_zonura",0.772636260882429
"Heliotrygon_gomesi",0.96205851103305
"Heliotrygon_rosai",0.986995818814822
"Hemitrygon_akajei",0.938906447569114
"Hemitrygon_bennetti",0.950277539936462
"Hemitrygon_fluviorum",0.94741955407164
"Hemitrygon_izuensis",0.944190802207421
"Hemitrygon_laevigata",0.923298494169882
"Hemitrygon_laosensis",0.962492818071915
"Hemitrygon_longicauda",0.95168943937524
"Hemitrygon_navarrae",0.950161272225854
"Hemitrygon_parvonigra",0.931005203153153
"Hemitrygon_sinensis",0.943872816472151
"Hexatrygon_bickelli",0.71962057616537
"Himantura_australis",0.939996624967292
"Himantura_leoparda",0.926179377653902
"Himantura_uarnak",0.944182364848868
"Himantura_undulata",0.944317975514095
"Hypanus_americanus",0.926229682161396
"Hypanus_dipterurus",0.941368114267057
"Hypanus_guttatus",0.889307790960612
"Hypanus_longus",0.886207699492219
"Hypanus_marianae",0.953641504121896
"Hypanus_rudis",0.932275485659668
"Hypanus_sabinus",0.948966684507402
"Hypanus_say",0.923474220400924
"Maculabatis_ambigua",0.930349039797721
"Maculabatis_arabica",0.938808627518479
"Maculabatis_astra",0.900301175677286
"Maculabatis_bineeshi",0.924967088528602
"Maculabatis_gerrardi",0.931649055068548
"Maculabatis_macrura",0.902825635318217
"Maculabatis_pastinacoides",0.950777733878737
"Maculabatis_randalli",0.912413926954201
"Maculabatis_toshi",0.901620367412463
"Makararaja_chindwinensis",0.97162629955494
"Megatrygon_microps",0.829445902865157
"Mobula_alfredi",0.547704467522737
"Mobula_birostris",0.385094950447764
"Mobula_hypostoma",0.491180942152086
"Mobula_kuhlii",0.461695621481699
"Mobula_mobular",0.402569054297085
"Mobula_munkiana",0.475412313094011
"Mobula_tarapacana",0.41530013386978
"Mobula_thurstoni",0.445082070905801
"Myliobatis_aquila",0.663335398628111
"Myliobatis_californicus",0.667331769699127
"Myliobatis_chilensis",0.706825788837518
"Myliobatis_freminvillei",0.678858787776315
"Myliobatis_goodei",0.72466694149205
"Myliobatis_hamlyni",0.638847291886449
"Myliobatis_longirostris",0.584726142265475
"Myliobatis_peruvianus",0.642610956541584
"Myliobatis_ridens",0.701687496111221
"Myliobatis_tenuicaudatus",0.677096478854537
"Myliobatis_tobijei",0.684801601142623
"Neotrygon_annotata",0.896661759967348
"Neotrygon_australiae",0.893455771299434
"Neotrygon_caeruleopunctata",0.905213882429193
"Neotrygon_kuhlii",0.906463455824375
"Neotrygon_leylandi",0.884792814790144
"Neotrygon_ningalooensis",0.939561161650087
"Neotrygon_orientalis",0.920271712765095
"Neotrygon_picta",0.910316041246422
"Neotrygon_trigonoides",0.905171067537905
"Neotrygon_varidens",0.911365883576873
"Paratrygon_aiereba",0.981270995843299
"Pastinachus_ater",0.922165368875819
"Pastinachus_gracilicaudus",0.939296453447974
"Pastinachus_sephen",0.92389394644275
"Pastinachus_solocirostris",0.91610486365599
"Pastinachus_stellurostris",0.945037804240338
"Pateobatis_bleekeri",0.916462548170832
"Pateobatis_fai",0.92878181964218
"Pateobatis_hortlei",0.90321105466656
"Pateobatis_jenkinsii",0.930235913847024
"Pateobatis_uarnacoides",0.920220942818624
"Plesiobatis_daviesi",0.933366606317388
"Plesiotrygon_iwamae",0.978566220418403
"Plesiotrygon_nana",0.977880681134183
"Potamotrygon_albimaculata",0.974893484187005
"Potamotrygon_amandae",0.977620864371781
"Potamotrygon_boesemani",0.9665110029129
"Potamotrygon_brachyura",0.9902377876098
"Potamotrygon_constellata",0.976209930766477
"Potamotrygon_falkneri",0.976396189855074
"Potamotrygon_henlei",0.986404806342298
"Potamotrygon_histrix",0.98041052190388
"Potamotrygon_humerosa",0.962315130296743
"Potamotrygon_jabuti",0.975843915685373
"Potamotrygon_leopoldi",0.984366948779908
"Potamotrygon_limai",0.987796889095116
"Potamotrygon_magdalenae",0.981156716072042
"Potamotrygon_marinae",0.983450787992579
"Potamotrygon_motoro",0.986444196557945
"Potamotrygon_ocellata",0.973642505623437
"Potamotrygon_orbignyi",0.987820967565489
"Potamotrygon_pantanensis",0.973198776712229
"Potamotrygon_rex",0.986360788159118
"Potamotrygon_schroederi",0.988605067884584
"Potamotrygon_schuhmacheri",0.983365041006368
"Potamotrygon_scobina",0.951144624096211
"Potamotrygon_signata",0.977297341221087
"Potamotrygon_tatianae",0.973803949678319
"Potamotrygon_tigrina",0.979310939815533
"Potamotrygon_wallacei",0.95213889905548
"Potamotrygon_yepezi",0.970721409786217
"Pteroplatytrygon_violacea",0.924091976116101
"Rhinoptera_bonasus",0.605491267737907
"Rhinoptera_brasiliensis",0.606595225090619
"Rhinoptera_javanica",0.565024514116384
"Rhinoptera_jayakari",0.604705887913175
"Rhinoptera_marginata",0.58364144930185
"Rhinoptera_neglecta",0.613676335597524
"Rhinoptera_peli",0.627006738765804
"Rhinoptera_steindachneri",0.607795321323711
"Spinilophus_armatus",0.93526951187212
"Styracura_pacifica",0.972124427034363
"Styracura_schmardae",0.966571385318214
"Taeniura_lessoni",0.977981789239336
"Taeniura_lymma",0.970557431466171
"Taeniurops_grabatus",0.974387265131577
"Taeniurops_meyeni",0.972601818616729
"Telatrygon_acutirostra",0.859842248661974
"Telatrygon_biasa",0.888115044816526
"Telatrygon_crozieri",0.886570226846964
"Telatrygon_zugei",0.871397116706975
"Trygonoptera_galba",0.946313845676124
"Trygonoptera_imitata",0.958668921203787
"Trygonoptera_mucosa",0.950261963055892
"Trygonoptera_ovalis",0.973628091231402
"Trygonoptera_personata",0.965233999636432
"Trygonoptera_testacea",0.945286318922296
"Urobatis_concentricus",0.974510933139902
"Urobatis_halleri",0.971559183162528
"Urobatis_jamaicensis",0.975592303705324
"Urobatis_maculatus",0.972620765207993
"Urobatis_pardalis",0.979108619556433
"Urobatis_tumbesensis",0.963727852860138
"Urogymnus_acanthobothrium",0.951973002904363
"Urogymnus_asperrimus",0.986073496427748
"Urogymnus_dalyensis",0.955582497243385
"Urogymnus_granulatus",0.889724484156926
"Urogymnus_lobistoma",0.894621702737183
"Urogymnus_polylepis",0.938783095825025
"Urolophus_aurantiacus",0.961741677829918
"Urolophus_bucculentus",0.934543884122971
"Urolophus_circularis",0.978500257067214
"Urolophus_cruciatus",0.967973093712631
"Urolophus_deforgesi",0.924658273305875
"Urolophus_expansus",0.931420091107404
"Urolophus_flavomosaicus",0.912132593272422
"Urolophus_gigas",0.98554247057031
"Urolophus_javanicus",0.98082260671058
"Urolophus_kaianus",0.955587269764385
"Urolophus_kapalensis",0.947508846103731
"Urolophus_lobatus",0.961859484499812
"Urolophus_mitosis",0.922811579879962
"Urolophus_neocaledoniensis",0.966333908741484
"Urolophus_orarius",0.973975280607489
"Urolophus_papilio",0.936211340418724
"Urolophus_paucimaculatus",0.952062573884138
"Urolophus_piperatus",0.927308305569281
"Urolophus_sufflavus",0.96311541121877
"Urolophus_viridis",0.945313667713599
"Urolophus_westraliensis",0.949741915427533
"Urotrygon_aspidura",0.933122562203556
"Urotrygon_chilensis",0.946572738574041
"Urotrygon_cimar",0.951403517499074
"Urotrygon_microphthalmum",0.955916209296787
"Urotrygon_munda",0.977205323946414
"Urotrygon_nana",0.95786853061353
"Urotrygon_reticulata",0.940465398733215
"Urotrygon_rogersi",0.930799662318608
"Urotrygon_simulatrix",0.969182468337615
"Urotrygon_venezuelae",0.975391717865807
"Platyrhina_hyugaensis",0.941249979203209
"Platyrhina_psomadakisi",0.921519729772654
"Platyrhina_sinensis",0.949192170161201
"Platyrhina_tangi",0.956312691241502
"Platyrhinoidis_triseriata",0.93670037171166
"Amblyraja_doellojuradoi",0.796103194685317
"Amblyraja_frerichsi",0.819015963111955
"Amblyraja_geogiana",0.7861866056326
"Amblyraja_hyperborea",0.75394974546894
"Amblyraja_jenseni",0.805259770586869
"Amblyraja_radiata",0.874605642093491
"Amblyraja_reversa",0.844936798640776
"Amblyraja_taaf",0.805917304355728
"Anacanthobatis_marmorata",0.791433664417838
"Arhynchobatis_asperrimus",0.942098882010374
"Atlantoraja_castelnaui",0.823651640274251
"Atlantoraja_cyclophora",0.727525717259233
"Atlantoraja_platana",0.797683356054141
"Bathyraja_abyssicola",0.869192237951572
"Bathyraja_aguja",0.899239222253069
"Bathyraja_albomaculata",0.87323133454706
"Bathyraja_aleutica",0.903373953192004
"Bathyraja_andriashevi",0.905379713965555
"Bathyraja_bergi",0.901005094175958
"Bathyraja_brachyurops",0.852616952420744
"Bathyraja_cousseauae",0.852411600954778
"Bathyraja_diplotaenia",0.847793188032668
"Bathyraja_eatonii",0.83008270723967
"Bathyraja_fedorovi",0.835735244724476
"Bathyraja_griseocauda",0.832520363713058
"Bathyraja_hesperafricana",0.882054709988122
"Bathyraja_interrupta",0.873442470168232
"Bathyraja_irrasa",0.867522195848078
"Bathyraja_ishiharai",0.878478790888495
"Bathyraja_isotrachys",0.86322019655204
"Bathyraja_kincaidii",0.87316160746637
"Bathyraja_leucomelanos",0.810014671246684
"Bathyraja_lindbergi",0.845738257348814
"Bathyraja_longicauda",0.83121960139402
"Bathyraja_maccaini",0.836209267102247
"Bathyraja_macloviana",0.869092689991523
"Bathyraja_maculata",0.880457105028955
"Bathyraja_magellanica",0.917240082653437
"Bathyraja_mariposa",0.8865409465316
"Bathyraja_matsubarai",0.818727319078697
"Bathyraja_meridionalis",0.857927569231244
"Bathyraja_microtrachys",0.866769355598636
"Bathyraja_minispinosa",0.804089465543005
"Bathyraja_multispinis",0.882266805681866
"Bathyraja_murrayi",0.859730341320343
"Bathyraja_notoroensis",0.812812033689237
"Bathyraja_pacifica",0.843574595936663
"Bathyraja_pallida",0.76844368005723
"Bathyraja_papilionifera",0.898100576376267
"Bathyraja_parmifera",0.880695807726433
"Bathyraja_pathera",0.852372725928235
"Bathyraja_peruana",0.891426193321573
"Bathyraja_richardsoni",0.811324985252934
"Bathyraja_scaphiops",0.779979843325566
"Bathyraja_schroederi",0.869925858912229
"Bathyraja_shuntovi",0.736200546582505
"Bathyraja_simoterus",0.819399677058137
"Bathyraja_smirnovi",0.812763240052743
"Bathyraja_smithii",0.829183160194995
"Bathyraja_spinicauda",0.852403979802107
"Bathyraja_spinosissima",0.903641888004332
"Bathyraja_taranetzi",0.8801224217193
"Bathyraja_trachouros",0.889841389261881
"Bathyraja_trachura",0.839227031509328
"Bathyraja_tunae",0.820186180273105
"Bathyraja_tzinovskii",0.869177493981943
"Bathyraja_violacea",0.867829747793499
"Beringraja_binoculata",0.740713869272186
"Beringraja_cortezensis",0.829206824891591
"Beringraja_inornata",0.83593011615973
"Beringraja_pulchra",0.804385003351036
"Beringraja_rhina",0.794445818007563
"Beringraja_stellulata",0.889244902909024
"Breviraja_claramaculata",0.93440532835464
"Breviraja_colesi",0.969300590356088
"Breviraja_mouldi",0.881394898924314
"Breviraja_nigriventralis",0.934060829633132
"Breviraja_spinosa",0.890309189857339
"Brochiraja_aenigma",0.952446136064121
"Brochiraja_albilabiata",0.845692687000447
"Brochiraja_asperula",0.892000274740454
"Brochiraja_heuresa",0.845378354027287
"Brochiraja_leviveneta",0.845800460608971
"Brochiraja_microspinifera",0.856640920497163
"Brochiraja_spinifera",0.787571086600222
"Brochiraja_vittacauda",0.868189875900646
"Cruriraja_andamanica",0.786907668729425
"Cruriraja_atlantis",0.767196560833187
"Cruriraja_cadenati",0.847715508101071
"Cruriraja_durbanensis",0.870872491402332
"Cruriraja_hulleyi",0.785906895852286
"Cruriraja_parcomaculata",0.684829852933564
"Cruriraja_poeyi",0.800175499595588
"Cruriraja_rugosa",0.853306570487451
"Dactylobatus_armatus",0.725841429038382
"Dactylobatus_clarkii",0.902841355313038
"Dentiraja_australis",0.817991459857456
"Dentiraja_cerva",0.860357651100879
"Dentiraja_confusa",0.851335963668162
"Dentiraja_endeavouri",0.804666717070113
"Dentiraja_falloarga",0.789660991041019
"Dentiraja_flindersi",0.925179828972154
"Dentiraja_healdi",0.725314121000478
"Dentiraja_lemprieri",0.924113020389512
"Dentiraja_oculata",0.820457189055961
"Dentiraja_polyommata",0.82754531804914
"Dipturus_acrobelus",0.696257754116736
"Dipturus_amphispinus",0.745613043944104
"Dipturus_apricus",0.708867055165771
"Dipturus_batis",0.779331031934294
"Dipturus_bullisi",0.779131374896288
"Dipturus_campbelli",0.793503837423598
"Dipturus_canutus",0.81434097764862
"Dipturus_chinensis",0.850308237848306
"Dipturus_crosnieri",0.738876698533038
"Dipturus_doutrei",0.760307161768731
"Dipturus_ecuadoriensis",0.765073300651507
"Dipturus_garricki",0.757755820270211
"Dipturus_gigas",0.808798995159098
"Dipturus_grahami",0.795757329204152
"Dipturus_gudgeri",0.71941916726811
"Dipturus_innominatus",0.73395051781953
"Dipturus_intermedius",0.735593346771035
"Dipturus_johannisdavisi",0.739035775078228
"Dipturus_kwangtungensis",0.772124595378287
"Dipturus_laevis",0.796154313388037
"Dipturus_lanceorostratus",0.699038114469261
"Dipturus_leptocaudus",0.75130731042937
"Dipturus_macrocaudus",0.79141396333669
"Dipturus_melanospilus",0.716356753576266
"Dipturus_mennii",0.731981306934949
"Dipturus_nidarosiensis",0.729466993015877
"Dipturus_olseni",0.816862340591445
"Dipturus_oregoni",0.732585270900282
"Dipturus_oxyrinchus",0.669442115047197
"Dipturus_pullopunctatus",0.81598563515177
"Dipturus_queenslandicus",0.701763987593629
"Dipturus_springeri",0.730680695155926
"Dipturus_stenorhynchus",0.716143468369112
"Dipturus_teevani",0.712124550661479
"Dipturus_tengu",0.738518283973354
"Dipturus_trachydermus",0.749092368517983
"Dipturus_wengi",0.710012788143565
"Dipturus_wuhanlingi",0.72242849229903
"Fenestraja_atripinna",0.916570789011745
"Fenestraja_cubensis",0.887634303383521
"Fenestraja_ishiyamai",0.918823284729014
"Fenestraja_maceachrani",0.952719079653231
"Fenestraja_mamillidens",0.904091162014958
"Fenestraja_plutonia",0.879022135800164
"Fenestraja_sibogae",0.864908019271938
"Fenestraja_sinusmexicanus",0.867828658962611
"Gurgesiella_atlantica",0.810393264786218
"Gurgesiella_dorsalifera",0.835769173984326
"Gurgesiella_furvescens",0.766333506668659
"Hongeo_koreana",0.883361592367082
"Indobatis_ori",0.867838382038114
"Insentiraja_laxipella",0.828241725620136
"Insentiraja_subtilispinosa",0.807898065658873
"Irolita_waitii",0.958069839198237
"Irolita_westraliensis",0.951744861768178
"Leucoraja_circularis",0.903647793260735
"Leucoraja_compagnoi",0.911102185616141
"Leucoraja_erinacea",0.870757797455025
"Leucoraja_fullonica",0.827303938169407
"Leucoraja_garmani",0.878004000114021
"Leucoraja_lentiginosa",0.891303853576028
"Leucoraja_leucosticta",0.876284326765987
"Leucoraja_melitensis",0.880617608320426
"Leucoraja_naevus",0.905751629528659
"Leucoraja_ocellata",0.891160239842321
"Leucoraja_pristispina",0.862060616273813
"Leucoraja_wallacei",0.87854912463519
"Leucoraja_yucatanensis",0.907772062285422
"Malacoraja_kreffti",0.891033752767099
"Malacoraja_obscura",0.849172334992688
"Malacoraja_senta",0.911112930310941
"Malacoraja_spinacidermis",0.89711819342512
"Neoraja_africana",0.905300332122051
"Neoraja_caerulea",0.85418216267816
"Neoraja_carolinensis",0.872721355790289
"Neoraja_iberica",0.909880827790577
"Neoraja_stehmanni",0.83756306264281
"Notoraja_alisae",0.827245402938899
"Notoraja_azurea",0.903582116269165
"Notoraja_fijiensis",0.913770133094353
"Notoraja_hirticauda",0.823580677530044
"Notoraja_inusitata",0.895121810373669
"Notoraja_lira",0.861435876326935
"Notoraja_longiventralis",0.914210747739809
"Notoraja_ochroderma",0.886782137955038
"Notoraja_sapphira",0.913377245390651
"Notoraja_sticta",0.821255296385396
"Notoraja_tobitukai",0.910996672653998
"Okamejei_acutispina",0.803126878988958
"Okamejei_arafurensis",0.776354875579178
"Okamejei_boesemani",0.790068352712161
"Okamejei_cairae",0.81696784317311
"Okamejei_heemstrai",0.774666731779068
"Okamejei_hollandi",0.71703099429817
"Okamejei_kenojei",0.857277989850383
"Okamejei_leptoura",0.778791628809451
"Okamejei_meerdervoortii",0.83200553478216
"Okamejei_mengae",0.796546797968677
"Okamejei_ornata",0.775518169845725
"Okamejei_schmidti",0.864915156662301
"Orbiraja_jensenae",0.881234899391242
"Orbiraja_philipi",0.824597026154851
"Orbiraja_powelli",0.847248144497347
"Pavoraja_alleni",0.853886509577033
"Pavoraja_arenaria",0.922588578869649
"Pavoraja_mosaica",0.840035464915553
"Pavoraja_nitida",0.937881078744859
"Pavoraja_pseudonitida",0.859693041086869
"Pavoraja_umbrosa",0.855566882115303
"Psammobatis_bergi",0.943181855129959
"Psammobatis_extenta",0.890992581075347
"Psammobatis_lentiginosa",0.918990759619256
"Psammobatis_normani",0.83741570564751
"Psammobatis_parvacauda",0.938965952360092
"Psammobatis_rudis",0.900155934647215
"Psammobatis_rutrum",0.867044579203054
"Psammobatis_scobina",0.879978427596977
"Pseudoraja_fischeri",0.884069213568342
"Raja_africana",0.865651608192689
"Raja_asterias",0.881982115267194
"Raja_brachyura",0.871282428640708
"Raja_clavata",0.85834053952923
"Raja_herwigi",0.835180525718848
"Raja_maderensis",0.854152417338804
"Raja_microocellata",0.859855821463076
"Raja_miraletus",0.865027093085421
"Raja_montagui",0.847905806624467
"Raja_ocellifera",0.879934245437867
"Raja_parva",0.883338712192441
"Raja_pita",0.841682726211267
"Raja_polystigma",0.894627592336469
"Raja_radula",0.924697592557404
"Raja_straeleni",0.846679529921212
"Raja_undulata",0.914136476925046
"Rajella_annandalei",0.938744777368492
"Rajella_barnardi",0.84179043359351
"Rajella_bathyphila",0.863987642596602
"Rajella_bigelowi",0.939105626155904
"Rajella_caudaspinosa",0.886593405763812
"Rajella_challengeri",0.849709517085347
"Rajella_dissimilis",0.812250627121629
"Rajella_eisenhardti",0.914026769723687
"Rajella_fuliginea",0.959602135657104
"Rajella_fyllae",0.913344049659109
"Rajella_kukujevi",0.840290906110788
"Rajella_leoparda",0.845658808154851
"Rajella_lintea",0.804885151367445
"Rajella_nigerrima",0.75791988956655
"Rajella_paucispinosa",0.876968508742351
"Rajella_purpuriventralis",0.856704460063287
"Rajella_ravidula",0.841299751911159
"Rajella_sadowskii",0.840715449447729
"Rhinoraja_kujiensis",0.891122958458107
"Rhinoraja_longicauda",0.85244539138409
"Rhinoraja_odai",0.900831791019803
"Rioraja_agassizi",0.86595608053023
"Rostroraja_ackleyi",0.875438405535182
"Rostroraja_alba",0.735319458142792
"Rostroraja_bahamensis",0.811811245333902
"Rostroraja_cervigoni",0.836980667392309
"Rostroraja_eglanteria",0.844087045192509
"Rostroraja_equatorialis",0.869764754887806
"Rostroraja_texana",0.824901622814427
"Rostroraja_velezi",0.812102613806007
"Schroederobatis",0.806238591668165
"Sinobatis_andamanensis",0.770535508635021
"Sinobatis_borneensis",0.857528969162968
"Sinobatis_brevicauda",0.906570631193782
"Sinobatis_bulbicauda",0.792754697749425
"Sinobatis_caerulea",0.837203558170808
"Sinobatis_filicauda",0.846238679877642
"Sinobatis_melanosoma",0.884001396557649
"Sinobatis_stenosoma",0.885571553697449
"Spiniraja_whitleyi",0.806385116608824
"Springeria_folirostris",0.663974823724437
"Springeria_longirostris",0.824156834931246
"Sympterygia_acuta",0.801534927175919
"Sympterygia_bonapartii",0.885754498954177
"Sympterygia_brevicaudata",0.895960172237209
"Sympterygia_lima",0.876022903172656
"Zearaja_argentinensis",0.753240610243579
"Zearaja_chilensis",0.744147372655529
"Zearaja_maugeana",0.761765923035361
"Zearaja_nasuta",0.780149022485355
"Acroteriobatus_annulatus",0.850548532667549
"Acroteriobatus_blochii",0.899506531014158
"Acroteriobatus_leucospilus",0.868770099519671
"Acroteriobatus_ocellatus",0.819170244285002
"Acroteriobatus_omanensis",0.798248132010051
"Acroteriobatus_salalah",0.901402930642812
"Acroteriobatus_variegatus",0.814144739903149
"Acroteriobatus_zanzibarensis",0.758612957693242
"Anoxypristis_cuspidata",0.272352227914837
"Aptychotrema_rostrata",0.688471998410326
"Aptychotrema_timorensis",0.744375381057043
"Aptychotrema_vincentiana",0.760290702945641
"Glaucostegus_cemiculus",0.775380258026602
"Glaucostegus_granulatus",0.745461851263836
"Glaucostegus_halavi",0.827021904094987
"Glaucostegus_obtusus",0.899743284494189
"Glaucostegus_thouin",0.699018373798716
"Glaucostegus_typus",0.798422730685237
"Pristis_clavata",0.393669388628878
"Pristis_pectinata",0.360289713638506
"Pristis_pristis",0.361241932396951
"Pristis_zijsron",0.303400939076348
"Pseudobatos_glaucostigmus",0.781474421591953
"Pseudobatos_horkelii",0.796236664522434
"Pseudobatos_lentiginosus",0.838723026621457
"Pseudobatos_leucorhynchus",0.791346044798206
"Pseudobatos_percellens",0.814047940893462
"Pseudobatos_planiceps",0.830704273555011
"Pseudobatos_prahli",0.813164258722712
"Pseudobatos_productus",0.801212546803783
"Rhina_ancylostoma",0.785589479083965
"Rhinobatos_albomaculatus",0.861730886399311
"Rhinobatos_annandalei",0.81300547305615
"Rhinobatos_borneensis",0.778991185794983
"Rhinobatos_holcorhynchus",0.843119445457625
"Rhinobatos_hynnicephalus",0.819451423779979
"Rhinobatos_irvinei",0.858269651405396
"Rhinobatos_jimbaranensis",0.737349407588513
"Rhinobatos_lionotus",0.840147769239141
"Rhinobatos_nudidorsalis",0.791221087312983
"Rhinobatos_penggali",0.792806856306402
"Rhinobatos_punctifer",0.845168406348495
"Rhinobatos_rhinobatos",0.77868037746902
"Rhinobatos_sainsburyi",0.797527208224593
"Rhinobatos_schlegelii",0.770607799949149
"Rhinobatos_whitei",0.752127437598037
"Rhynchobatus_australiae",0.66853738450163
"Rhynchobatus_compagnoi",0.575003303639435
"Rhynchobatus_djiddensis",0.68734734268885
"Rhynchobatus_immaculatus",0.723594138152397
"Rhynchobatus_laevis",0.709292564568653
"Rhynchobatus_luebberti",0.686724454215498
"Rhynchobatus_palpebratus",0.725146482867166
"Rhynchobatus_springeri",0.7098464480694
"Rhynchorhina_mauritaniensis",0.638297732357139
"Trygonorrhina_dumerilii",0.965471615124615
"Trygonorrhina_fasciata",0.927274380084672
"Zapteryx_brevirostris",0.922880976683561
"Zapteryx_exasperata",0.902506734414714
"Zapteryx_xyster",0.857122625532447
"Benthobatis_kreffti",0.96147250997022
"Benthobatis_marcida",0.957096170936395
"Benthobatis_moresbyi",0.956727632045015
"Benthobatis_yangi",0.972906214328513
"Diplobatis_colombiensis",0.967588500904862
"Diplobatis_guamachensis",0.94119901148842
"Diplobatis_ommata",0.959704981044952
"Diplobatis_picta",0.959480066296838
"Discopyge_castelloi",0.916634725169932
"Discopyge_tschudii",0.94457519477286
"Electrolux_addisoni",0.969785725178182
"Heteronarce_bentuviai",0.956484203378736
"Heteronarce_garmani",0.955737024625811
"Heteronarce_mollis",0.960890819691795
"Hypnos_monopterygius",0.976996784360495
"Narcine_atzi",0.932487286636364
"Narcine_baliensis",0.960342461125326
"Narcine_bancroftii",0.965686624200613
"Narcine_brasiliensis",0.958410458551745
"Narcine_brevilabiata",0.939946350093925
"Narcine_entemedor",0.925923412436071
"Narcine_insolita",0.962535749538169
"Narcine_leoparda",0.98330284544892
"Narcine_lingula",0.963950272644098
"Narcine_maculata",0.960353220303746
"Narcine_oculifera",0.976397161743874
"Narcine_prodorsalis",0.957560989636114
"Narcine_rierai",0.949245282989647
"Narcine_timlei",0.959001670680966
"Narcine_vermiculata",0.968102288616624
"Narcinops_lasti",0.948624904212323
"Narcinops_nelsoni",0.929433642811013
"Narcinops_ornata",0.972098213994961
"Narcinops_tasmaniensis",0.933577781934438
"Narcinops_westraliensis",0.921998572079555
"Narke_capensis",0.966742926178338
"Narke_dipterygia",0.965707769281998
"Narke_japonica",0.944230762065233
"Temera_hardwickii",0.950889336015501
"Tetronarce_californica",0.945849339184537
"Tetronarce_cowleyi",0.961957111834776
"Tetronarce_formosa",0.964335056548475
"Tetronarce_nobiliana",0.967333530572057
"Tetronarce_occidentalis",0.93775577110517
"Tetronarce_puelcha",0.933969279285389
"Tetronarce_tokionis",0.965046155013525
"Tetronarce_tremens",0.941573477700607
"Torpedo_adenensis",0.959941316804921
"Torpedo_andersoni",0.980168501574274
"Torpedo_bauchotae",0.965729974783461
"Torpedo_fuscomaculata",0.973686701228496
"Torpedo_mackayana",0.966163338663125
"Torpedo_marmorata",0.951954938141467
"Torpedo_panthera",0.967874920376679
"Torpedo_sinuspersici",0.973970728644408
"Torpedo_suessi",0.970305612390061
"Torpedo_torpedo",0.961546041761735
"Typhlonarke_aysoni",0.975511410808198
"Zanobatus_maculatus",0.955305903731851
"Zanobatus_schoenleinii",0.960628320321969
