Genus_species,Reason
Rhinoraja_longicauda,Duplicate of Bathyraja longicauda
Anacanthobatis_donghaiensis,Synonym of Sinobatis borneensis
Anacanthobatis_nanhaiensis,Synonym of Sinobatis borneensis
Dipturus_flavirostris,Synonym of Zearaja chilensis
Okamejei_porosa,Synonym of Okamejei kenojei
Raja_atriventralis,Synonym of Okamejei kenojei
Raja_macrorynchus,Synonym of Dipturus batis
Raja_rondeleti,Synonym of Leucoraja fullonica
Raja_rouxi,Synonym of Raja straeleni
Leucoraja_caribbaea,Synonym of Leucoraja garmani
Amblyraja_robertsi,Synonym of Amblyraja hyperborea
Amblyraja_badia,Synonym of Amblyraja hyperborea
Rajella_alia,Synonym of Rostroraja ackleyi
Leucoraja_virginica,Synonym of Leucoraja garmani
Narcine_bicolor,Questionably valid
Narcine_nigra,Questionably valid
Torpedo_microdiscus,Synonym of Tetronarce tremens
Torpedo_fairchildi,Synonym of Tetronarce nobiliana
Torpedo_semipelagica,Synonym of Tetronarce tremens
Torpedo_zugmayeri,syonoym of Torpedo sinuspersici
Torpedo_peruana,Synonym of Tetronarce tremens
Torpedo_macneilli,Synonym of Tetronarce nobiliana
Typhlonarke_tarakea,Synonym of Typhlonarke aysoni
Heteronarce_prabhui,Synonym of Hetronarce mollis
Crassinarke_dormitor,Synonym of Narke japonica
Trygonorrhina_melaleuca,Synonym of Trygonorrhina dumerilii
Rhinobatos_formosensis,Synonym of Rhinobatos schlegelii
Gymnura_crooki,Synonym of Gymnura poecilura
Gymnura_bimaculata,Synonym of Gymnura japonica
Urotrygon_serrula,Synonym of Utrotygon munda
Potamotrygon_dumerilii,Synonym of Potamotrygon orbignyi
Potamotrygon_castexi,Synonym of Potamotrygon falkneri
Dasyatis_gigantea,uncertain as Bathytoshia brevicaudata
Dasyatis_matsubarai,Synonym of Bathytoshia brevicaudata
Dasyatis_multispinosa,Synonym of Bathytoshia brevicaudata
Dasyatis_thetidis,Synonym of Bathytoshia lata
Dasyatis_ushiei,Synonym of Bathytoshia lata
Myliobatis_rhombus,Questionably valid
Myliobatis_australis,Synonym of Myliobatis tenuicaudata
Rhinoptera_hainanensis,Questionably valid
Rhinoptera_sewelli,Questionably valid
Rhinoptera_adspersa,Synonym of Rhinoptera javanica
Mobula_diabolus,Synonym of Mobula eregoodoo
Mobula_rochebrunei,Synonym of Mobula hypostoma
Mobula_japonica,Synonym of Mobula mobular
