OldName,NewName
Rhinoraja_kujiensis,Rhinoraja_kujiensis
Bathyraja_simoterus,Arctoraja_simoterus
Rhinoraja_murrayi,Bathyraja_murrayi
Rhinoraja_multispinis,Bathyraja_multispinis
Rhinoraja_albomaculata,Bathyraja_albomaculata
Rhinoraja_macloviana,Bathyraja_macloviana
Rhinoraja_magellanica,Bathyraja_magellanica
Bathyraja_parmifera,Arctoraja_parmifera
Rhinoraja_taranetzi,Bathyraja_taranetzi
Anacanthobatis_ori,Indobatis_ori
Anacanthobatis_folirostris,Springeria_folirostris
Anacanthobatis_marmoratus,Anacanthobatis_marmorata
Anacanthobatis_longirostris,Springeria_longirostris
Anacanthobatis_americanus,Schroederobatis_americana
Anacanthobatis_stenosoma,Sinobatis_stenosoma
Dipturus_intermedia,Dipturus_intermedius
Dipturus_falloargus,Dentiraja_falloarga
Dipturus_endeavouri,Dentiraja_endeavouri
Zearaja_argentinensis,Dipturus_argentinensis
Dipturus_oculus,Dentiraja_oculata
Dipturus_australis,Dentiraja_australis
Dipturus_cerva,Dentiraja_cerva
Dipturus_confusus,Dentiraja_confusa
Dipturus_healdi,Dentiraja_healdi
Dipturus_pullopunctata,Dipturus_pullopunctatus
Raja_inornata,Caliraja_inornata
Raja_stellulata,Caliraja_stellulata
Raja_rhina,Caliraja_rhina
Okamejei_philipi,Orbiraja_philipi
Raja_cortezensis,Caliraja_cortezensis
Raja_chinensis,Dipturus_chinensis
Raja_bahamensis,Rostroraja_bahamensis
Raja_texana,Rostroraja_texana
Raja_ackleyi,Rostroraja_ackleyi
Raja_cervigoni,Rostroraja_cervigoni
Raja_equatorialis,Rostroraja_equatorialis
Rajella_leopardus,Rajella_leoparda
Okamejei_jensenae,Orbiraja_jensenae
Raja_velezi,Rostroraja_velezi
Raja_eglanteria,Rostroraja_eglanteria
Narcine_nelsoni,Narcinops_nelsoni
Narcine_ornata,Narcinops_ornata
Narcine_vermiculatus,Narcine_vermiculata
Diplobatis_pictus,Diplobatis_picta
Torpedo_tokionis,Tetronarce_tokionis
Torpedo_formosa,Tetronarce_formosa
Torpedo_puelcha,Tetronarce_puelcha
Torpedo_tremens,Tetronarce_tremens
Torpedo_californica,Tetronarce_californica
Torpedo_nobiliana,Tetronarce_nobiliana
Narcine_westraliensis,Narcinops_westraliensis
Narcine_lasti,Narcinops_lasti
Narcine_tasmaniensis,Narcinops_tasmaniensis
Rhinobatos_planiceps,Pseudobatos_planiceps
Rhinobatos_lentiginosus,Pseudobatos_lentiginosus
Rhinobatos_horkelii,Pseudobatos_horkelii
Rhinobatos_productus,Pseudobatos_productus
Rhinobatos_glaucostigma,Pseudobatos_glaucostigma
Rhinobatos_percellens,Pseudobatos_percellens
Rhinobatos_prahli,Pseudobatos_prahli
Rhinobatos_leucorhynchus,Pseudobatos_leucorhynchus
Himantura_schmardae,Styracura_schmardae
Himantura_pacifica,Styracura_pacifica
Taeniurops_grabata,Taeniurops_grabatus
Dasyatis_sabina,Hypanus_sabinus
Dasyatis_sinensis,Hemitrygon_sinensis
Dasyatis_longa,Hypanus_longus
Dasyatis_americana,Hypanus_americanus
Dasyatis_say,Hypanus_say
Dasyatis_dipterura,Hypanus_dipterurus
Dasyatis_brevicaudata,Bathytoshia_brevicaudata
Dasyatis_rudis,Hypanus_rudis
Dasyatis_acutirostra,Telatrygon_acutirostra
Dasyatis_geijskesi,Hypanus_geijskesi
Dasyatis_colarensis,Fontitrygon_colarensis
Dasyatis_garouaensis,Fontitrygon_garouaensis
Dasyatis_centroura,Bathytoshia_centroura
Dasyatis_parvonigra,Hemitrygon_parvonigra
Dasyatis_marianae,Hypanus_marianae
Dasyatis_izuensis,Hemitrygon_izuensis
Dasyatis_bennetti,Hemitrygon_bennettii
Dasyatis_navarrae,Hemitrygon_navarrae
Dasyatis_akajei,Hemitrygon_akajei
Dasyatis_guttata,Hypanus_guttatus
Dasyatis_laosensis,Hemitrygon_laosensis
Dasyatis_fluviorum,Hemitrygon_fluviorum
Dasyatis_laevigata,Hemitrygon_laevigata
Dasyatis_zugei,Telatrygon_zugei
Dasyatis_microps,Megatrygon_microps
Dasyatis_margaritella,Fontitrygon_margaritella
Dasyatis_margarita,Fontitrygon_margarita
Himantura_pastinacoides,Maculabatis_pastinacoides
Himantura_jenkinsii,Pateobatis_jenkinsii
Himantura_uarnacoides,Pateobatis_uarnacoides
Himantura_astra,Maculabatis_astra
Himantura_toshi,Maculabatis_toshi
Himantura_hortlei,Pateobatis_hortlei
Himantura_fai,Pateobatis_fai
Himantura_dalyensis,Urogymnus_dalyensis
Himantura_signifer,Fluvitrygon_signifer
Himantura_oxyrhyncha,Fluvitrygon_oxyrhynchus
Himantura_imbricata,Brevitrygon_imbricata
Dasyatis_lata,Bathytoshia_lata
Himantura_walga,Brevitrygon_walga
Himantura_gerrardi,Maculabatis_gerrardi
Himantura_granulata,Urogymnus_granulatus
Himantura_randalli,Maculabatis_randalli
Himantura_polylepis,Urogymnus_polylepis
Himantura_kittipongi,Fluvitrygon_kittipongi
Urogymnus_ukpam,Fontitrygon_ukpam
Himantura_lobistoma,Urogymnus_lobistoma
Pastinachus_atrus,Pastinachus_ater
Pteromylaeus_bovinus,Aetomylaeus_bovinus
Pteromylaeus_asperrimus,Aetomylaeus_asperrimus
Myliobatis_peruvianus,Myliobatis_peruviana
Myliobatis_californicus,Myliobatis_californica
Myliobatis_tenuicaudatus,Myliobatis_tenuicaudata
Manta_birostris,Mobula_birostris
Manta_alfredi,Mobula_alfredi
Mobula_eregoodootenkee,Mobula_eregoodoo
Urolophus_armatus,Spinilophus_armatus
