"Order","Family","Genus_species","N"
"Myliobatiformes","Dasyatidae","Bathytoshia lata",7
"Myliobatiformes","Dasyatidae","Dasyatis chrysonota",8
"Myliobatiformes","Dasyatidae","Dasyatis pastinaca",4
"Myliobatiformes","Dasyatidae","Fontitrygon margarita",5
"Myliobatiformes","Dasyatidae","Himantura leoparda",4
"Myliobatiformes","Dasyatidae","Himantura uarnak",4
"Myliobatiformes","Dasyatidae","Maculabatis gerrardi",5
"Myliobatiformes","Dasyatidae","Neotrygon caeruleopunctata",5
"Myliobatiformes","Dasyatidae","Pastinachus sephen",4
"Myliobatiformes","Dasyatidae","Pteroplatytrygon violacea",4
"Myliobatiformes","Dasyatidae","Taeniura lymma",7
"Myliobatiformes","Dasyatidae","Telatrygon zugei",5
"Myliobatiformes","Gymnuridae","Gymnura natalensis",5
"Myliobatiformes","Gymnuridae","Gymnura poecilura",13
"Myliobatiformes","Gymnuridae","Gymnura tentaculata",5
"Myliobatiformes","Gymnuridae","Gymnura zonura",5
"Myliobatiformes","Myliobatidae","Aetomylaeus bovinus",9
"Myliobatiformes","Myliobatidae","Aetomylaeus wafickii",7
"Myliobatiformes","Myliobatidae","Myliobatis aquila",10
"Myliobatiformes","Plesiobatidae","Plesiobatis daviesi",4
"Myliobatiformes","Potamotrygonidae","Potamotrygon orbignyi",5
"Myliobatiformes","Rhinopteridae","Rhinoptera marginata",5
"Myliobatiformes","Urolophidae","Urolophus deforgesi",5
"Myliobatiformes","Urolophidae","Urolophus neocaledoniensis",5
"Myliobatiformes","Urolophidae","Urolophus papilio",5
"Myliobatiformes","Urotrygonidae","Urobatis halleri",5
"Myliobatiformes","Urotrygonidae","Urobatis jamaicensis",4
"Myliobatiformes","Urotrygonidae","Urotrygon chilensis",7
"Myliobatiformes","Urotrygonidae","Urotrygon munda",5
"Myliobatiformes","Urotrygonidae","Urotrygon rogersi",5
"Rajiformes","Anacanthobatidae","Anacanthobatis marmorata",8
"Rajiformes","Arhynchobatidae","Arctoraja parmifera",12
"Rajiformes","Arhynchobatidae","Atlantoraja castelnaui",5
"Rajiformes","Arhynchobatidae","Bathyraja aleutica",5
"Rajiformes","Arhynchobatidae","Bathyraja interrupta",10
"Rajiformes","Arhynchobatidae","Bathyraja kincaidii",4
"Rajiformes","Arhynchobatidae","Bathyraja multispinis",4
"Rajiformes","Arhynchobatidae","Bathyraja richardsoni",6
"Rajiformes","Arhynchobatidae","Bathyraja spinicauda",5
"Rajiformes","Arhynchobatidae","Psammobatis normani",4
"Rajiformes","Arhynchobatidae","Psammobatis rudis",5
"Rajiformes","Arhynchobatidae","Psammobatis scobina",5
"Rajiformes","Arhynchobatidae","Sympterygia bonapartii",5
"Rajiformes","Gurgesiellidae","Cruriraja hulleyi",10
"Rajiformes","Rajidae","Amblyraja georgiana",6
"Rajiformes","Rajidae","Amblyraja radiata",7
"Rajiformes","Rajidae","Beringraja binoculata",6
"Rajiformes","Rajidae","Caliraja rhina",8
"Rajiformes","Rajidae","Dipturus nidarosiensis",4
"Rajiformes","Rajidae","Leucoraja erinacea",4
"Rajiformes","Rajidae","Leucoraja wallacei",10
"Rajiformes","Rajidae","Okamejei kenojei",4
"Rajiformes","Rajidae","Raja brachyura",4
"Rajiformes","Rajidae","Raja ocellifera",10
"Rajiformes","Rajidae","Raja straeleni",8
"Rajiformes","Rajidae","Rajella leoparda",11
"Rajiformes","Rajidae","Rostroraja alba",5
"Rhinopristiformes","Glaucostegidae","Glaucostegus cemiculus",7
"Rhinopristiformes","Glaucostegidae","Glaucostegus thouin",8
"Rhinopristiformes","Pristidae","Anoxypristis cuspidata",5
"Rhinopristiformes","Rhinidae","Rhina ancylostomus",12
"Rhinopristiformes","Rhinobatidae","Acroteriobatus andysabini",6
"Rhinopristiformes","Rhinobatidae","Acroteriobatus annulatus",11
"Rhinopristiformes","Rhinobatidae","Acroteriobatus dulvyi",4
"Rhinopristiformes","Rhinobatidae","Acroteriobatus leucospilus",8
"Rhinopristiformes","Rhinobatidae","Pseudobatos glaucostigma",4
"Rhinopristiformes","Rhinobatidae","Pseudobatos leucorhynchus",8
"Rhinopristiformes","Rhinobatidae","Pseudobatos percellens",5
"Rhinopristiformes","Rhinobatidae","Rhinobatos albomaculatus",8
"Rhinopristiformes","Rhinobatidae","Rhinobatos irvinei",7
"Rhinopristiformes","Rhinobatidae","Rhinobatos rhinobatos",7
"Rhinopristiformes","Rhinobatidae","Rhinobatos schlegelii",4
"Rhinopristiformes","Zanobatidae","Zanobatus schoenleinii",4
"Torpediniformes","Narcinidae","Benthobatis marcida",5
"Torpediniformes","Narcinidae","Benthobatis moresbyi",5
"Torpediniformes","Narcinidae","Discopyge tschudii",6
"Torpediniformes","Narcinidae","Narcine bancroftii",5
"Torpediniformes","Narcinidae","Narcine brasiliensis",8
"Torpediniformes","Narcinidae","Narcine entemedor",4
"Torpediniformes","Narcinidae","Narcine prodorsalis",4
"Torpediniformes","Narcinidae","Narcine rierai",5
"Torpediniformes","Narkidae","Narke dipterygia",5
"Torpediniformes","Narkidae","Temera hardwickii",4
"Torpediniformes","Torpedinidae","Tetronarce californica",9
"Torpediniformes","Torpedinidae","Tetronarce cowleyi",8
"Torpediniformes","Torpedinidae","Tetronarce nobiliana",4
"Torpediniformes","Torpedinidae","Torpedo fuscomaculata",13
"Torpediniformes","Torpedinidae","Torpedo sinuspersici",8
"Torpediniformes","Torpedinidae","Torpedo torpedo",7
